{"cameraMode":{"drawMode":0,"name":"Shaded","section":"Shading Mode"},"sceneLighting":true,"audioPlay":false,"sceneViewState":{"m_AlwaysRefresh":false,"showFog":true,"showSkybox":true,"showFlares":true,"showImageEffects":true,"showParticleSystems":true,"showVisualEffectGraphs":true,"m_FxEnabled":true},"in2DMode":false,"pivot":{"x":0.3122296631336212,"y":1.0796414613723755,"z":0.6894333362579346},"rotation":{"x":-0.026889245957136155,"y":0.17364713549613954,"z":-0.004743857309222221,"w":-0.9844246506690979},"size":0.7317567467689514,"orthographic":false}